Impact Summary ,,,,
ImpactType,Employment,LaborIncome,TotalValueAdded,Output
Direct Effect,2893.4121648419223,113060079.32523724,185259582.84437761,340859796.39280838
Indirect Effect,807.96252678967244,54793181.393575698,82309563.137033314,160323464.28759933
Induced Effect,962.08013860181325,48677587.389567181,88529238.923035979,152913485.56323442
Total Effect,4663.4548302334078,216530848.10838014,356098384.9044469,654096746.24364209
