Impact Summary ,,,,
ImpactType,Employment,LaborIncome,TotalValueAdded,Output
Direct Effect,1694.1599574235686,51488606.7195943,77127904.639052704,147679700.38673618
Indirect Effect,350.58416022149783,22577739.222096626,34465045.166819416,67454634.074799627
Induced Effect,424.51500499570699,21478274.174293589,39058082.460653037,67464363.024151638
Total Effect,2469.2591226407735,95544620.115984514,150651032.26652515,282598697.48568743
