Impact Summary ,,,,
ImpactType,Employment,LaborIncome,TotalValueAdded,Output
Direct Effect,3355.8103752596439,113063820.20037633,184247621.74667144,336747448.09826577
Indirect Effect,797.20569668184032,54601483.283819854,81900568.129360363,144049578.952995
Induced Effect,1079.5953508992438,50432839.902204484,89217404.628003538,155260218.77916616
Total Effect,5232.6114228407278,218098143.38640067,355365594.50403535,636057245.83042693
